"STATION","NAME","LATITUDE","LONGITUDE","ELEVATION","DATE","PRCP","TAVG","TMAX","TMIN"
"CO000080222","BOGOTA ELDORADO, CO","4.701","-74.15","2548.0","2020-01-01","0.00","57","71","45"
"CO000080222","BOGOTA ELDORADO, CO","4.701","-74.15","2548.0","2020-01-02","0.00","59",,"45"
"CO000080222","BOGOTA ELDORADO, CO","4.701","-74.15","2548.0","2020-01-03","0.00","58","73",
"CO000080222","BOGOTA ELDORADO, CO","4.701","-74.15","2548.0","2020-01-04","0.00","55","72","41"
"CO000080222","BOGOTA ELDORADO, CO","4.701","-74.15","2548.0","2020-01-05","0.00","56","71","43"
"CO000080222","BOGOTA ELDORADO, CO","4.701","-74.15","2548.0","2020-01-06","0.00","54",,
"CO000080222","BOGOTA ELDORADO, CO","4.701","-74.15","2548.0","2020-01-07","0.00","57","70","45"
"CO000080222","BOGOTA ELDORADO, CO","4.701","-74.15","2548.0","2020-01-08","0.00","54",,
"CO000080222","BOGOTA ELDORADO, CO","4.701","-74.15","2548.0","2020-01-09","0.00","54","73","37"
"CO000080222","BOGOTA ELDORADO, CO","4.701","-74.15","2548.0","2020-01-10","0.00","54","73","35"
"CO000080222","BOGOTA ELDORADO, CO","4.701","-74.15","2548.0","2020-01-11",,"54","70",
"CO000080222","BOGOTA ELDORADO, CO","4.701","-74.15","2548.0","2020-01-12","0.00","58",,"43"
"CO000080222","BOGOTA ELDORADO, CO","4.701","-74.15","2548.0","2020-01-13",,"58",,"47"
"CO000080222","BOGOTA ELDORADO, CO","4.701","-74.15","2548.0","2020-01-14","0.00","58","74",
"CO000080222","BOGOTA ELDORADO, CO","4.701","-74.15","2548.0","2020-01-15",,"58","71","44"
"CO000080222","BOGOTA ELDORADO, CO","4.701","-74.15","2548.0","2020-01-16","0.00","55","70",
"CO000080222","BOGOTA ELDORADO, CO","4.701","-74.15","2548.0","2020-01-17","0.00","60",,"48"
"CO000080222","BOGOTA ELDORADO, CO","4.701","-74.15","2548.0","2020-01-18","0.00","59","69",
"CO000080222","BOGOTA ELDORADO, CO","4.701","-74.15","2548.0","2020-01-19","0.00","57",,"47"
"CO000080222","BOGOTA ELDORADO, CO","4.701","-74.15","2548.0","2020-01-20","0.00","58","69","47"
"CO000080222","BOGOTA ELDORADO, CO","4.701","-74.15","2548.0","2020-01-21","0.00","59","68","51"
"CO000080222","BOGOTA ELDORADO, CO","4.701","-74.15","2548.0","2020-01-22","0.00","57","70","49"
"CO000080222","BOGOTA ELDORADO, CO","4.701","-74.15","2548.0","2020-01-23","0.00","57",,"46"
"CO000080222","BOGOTA ELDORADO, CO","4.701","-74.15","2548.0","2020-01-24","0.00","58",,"47"
"CO000080222","BOGOTA ELDORADO, CO","4.701","-74.15","2548.0","2020-01-25","0.00","58",,"48"
"CO000080222","BOGOTA ELDORADO, CO","4.701","-74.15","2548.0","2020-01-26","0.28","60","73","51"
"CO000080222","BOGOTA ELDORADO, CO","4.701","-74.15","2548.0","2020-01-27","0.24","59",,"49"
"CO000080222","BOGOTA ELDORADO, CO","4.701","-74.15","2548.0","2020-01-28","0.00","56","71","44"
"CO000080222","BOGOTA ELDORADO, CO","4.701","-74.15","2548.0","2020-01-29","0.02","56",,"33"
"CO000080222","BOGOTA ELDORADO, CO","4.701","-74.15","2548.0","2020-01-30","0.00","58",,
"CO000080222","BOGOTA ELDORADO, CO","4.701","-74.15","2548.0","2020-01-31","0.00","58","71","47"
"CO000080222","BOGOTA ELDORADO, CO","4.701","-74.15","2548.0","2020-02-01","0.00","58","70",
"CO000080222","BOGOTA ELDORADO, CO","4.701","-74.15","2548.0","2020-02-02","0.00","58",,"47"
"CO000080222","BOGOTA ELDORADO, CO","4.701","-74.15","2548.0","2020-02-03","0.00","57",,"42"
"CO000080222","BOGOTA ELDORADO, CO","4.701","-74.15","2548.0","2020-02-04","0.00","54","72","36"
"CO000080222","BOGOTA ELDORADO, CO","4.701","-74.15","2548.0","2020-02-05","0.00","53",,"33"
"CO000080222","BOGOTA ELDORADO, CO","4.701","-74.15","2548.0","2020-02-06",,"53","76","31"
"CO000080222","BOGOTA ELDORADO, CO","4.701","-74.15","2548.0","2020-02-07","0.00","54","73","34"
"CO000080222","BOGOTA ELDORADO, CO","4.701","-74.15","2548.0","2020-02-08","0.00","60","72","49"
"CO000080222","BOGOTA ELDORADO, CO","4.701","-74.15","2548.0","2020-02-09","0.31","56",,"42"
"CO000080222","BOGOTA ELDORADO, CO","4.701","-74.15","2548.0","2020-02-10","3.90","57","72","45"
"CO000080222","BOGOTA ELDORADO, CO","4.701","-74.15","2548.0","2020-02-11","0.00","57",,
"CO000080222","BOGOTA ELDORADO, CO","4.701","-74.15","2548.0","2020-02-12","0.00","57",,"38"
"CO000080222","BOGOTA ELDORADO, CO","4.701","-74.15","2548.0","2020-02-13","0.00","58","74","41"
"CO000080222","BOGOTA ELDORADO, CO","4.701","-74.15","2548.0","2020-02-14","0.04","58","76","50"
"CO000080222","BOGOTA ELDORADO, CO","4.701","-74.15","2548.0","2020-02-15","0.00","59",,"47"
"CO000080222","BOGOTA ELDORADO, CO","4.701","-74.15","2548.0","2020-02-16","0.00","58",,
"CO000080222","BOGOTA ELDORADO, CO","4.701","-74.15","2548.0","2020-02-17","0.00","59","71","47"
"CO000080222","BOGOTA ELDORADO, CO","4.701","-74.15","2548.0","2020-02-18","0.00","58",,"40"
"CO000080222","BOGOTA ELDORADO, CO","4.701","-74.15","2548.0","2020-02-19","0.00","60",,"53"
"CO000080222","BOGOTA ELDORADO, CO","4.701","-74.15","2548.0","2020-02-20","0.00","58",,"48"
"CO000080222","BOGOTA ELDORADO, CO","4.701","-74.15","2548.0","2020-02-21","0.02","57","73",
"CO000080222","BOGOTA ELDORADO, CO","4.701","-74.15","2548.0","2020-02-22","0.00","58",,"49"
"CO000080222","BOGOTA ELDORADO, CO","4.701","-74.15","2548.0","2020-02-23",,"57","72",
"CO000080222","BOGOTA ELDORADO, CO","4.701","-74.15","2548.0","2020-02-24","3.58","59",,"55"
"CO000080222","BOGOTA ELDORADO, CO","4.701","-74.15","2548.0","2020-02-25","0.02","60",,"51"
"CO000080222","BOGOTA ELDORADO, CO","4.701","-74.15","2548.0","2020-02-26","0.04","60","73","54"
"CO000080222","BOGOTA ELDORADO, CO","4.701","-74.15","2548.0","2020-02-27","0.00","58",,"46"
"CO000080222","BOGOTA ELDORADO, CO","4.701","-74.15","2548.0","2020-02-28","0.00","59",,"45"
"CO000080222","BOGOTA ELDORADO, CO","4.701","-74.15","2548.0","2020-02-29","0.00","58","72","48"
"CO000080222","BOGOTA ELDORADO, CO","4.701","-74.15","2548.0","2020-03-01","0.08","58",,"48"
"CO000080222","BOGOTA ELDORADO, CO","4.701","-74.15","2548.0","2020-03-02","0.00","60","71","50"
"CO000080222","BOGOTA ELDORADO, CO","4.701","-74.15","2548.0","2020-03-03","0.71","59",,"47"
"CO000080222","BOGOTA ELDORADO, CO","4.701","-74.15","2548.0","2020-03-04","0.01","60",,"47"
"CO000080222","BOGOTA ELDORADO, CO","4.701","-74.15","2548.0","2020-03-05","0.00","58","76",
"CO000080222","BOGOTA ELDORADO, CO","4.701","-74.15","2548.0","2020-03-06","0.00","58","77","42"
"CO000080222","BOGOTA ELDORADO, CO","4.701","-74.15","2548.0","2020-03-07","0.00","60","75","49"
"CO000080222","BOGOTA ELDORADO, CO","4.701","-74.15","2548.0","2020-03-08","0.00","61","73","53"
"CO000080222","BOGOTA ELDORADO, CO","4.701","-74.15","2548.0","2020-03-09","0.04","60","71",
"CO000080222","BOGOTA ELDORADO, CO","4.701","-74.15","2548.0","2020-03-10","0.00","60",,"52"
"CO000080222","BOGOTA ELDORADO, CO","4.701","-74.15","2548.0","2020-03-11",,"60","73",
"CO000080222","BOGOTA ELDORADO, CO","4.701","-74.15","2548.0","2020-03-12","0.00","61","72","55"
"CO000080222","BOGOTA ELDORADO, CO","4.701","-74.15","2548.0","2020-03-13",,"60",,
"CO000080222","BOGOTA ELDORADO, CO","4.701","-74.15","2548.0","2020-03-14",,"62","71",
"CO000080222","BOGOTA ELDORADO, CO","4.701","-74.15","2548.0","2020-03-15","0.04","59",,"54"
"CO000080222","BOGOTA ELDORADO, CO","4.701","-74.15","2548.0","2020-03-16","0.28","60",,"53"
"CO000080222","BOGOTA ELDORADO, CO","4.701","-74.15","2548.0","2020-03-17","0.00","58",,
"CO000080222","BOGOTA ELDORADO, CO","4.701","-74.15","2548.0","2020-03-18","0.00","59","74",
"CO000080222","BOGOTA ELDORADO, CO","4.701","-74.15","2548.0","2020-03-19","0.00","58","70","45"
"CO000080222","BOGOTA ELDORADO, CO","4.701","-74.15","2548.0","2020-03-20","0.01","57","71","52"
"CO000080222","BOGOTA ELDORADO, CO","4.701","-74.15","2548.0","2020-03-21","0.04","58",,
"CO000080222","BOGOTA ELDORADO, CO","4.701","-74.15","2548.0","2020-03-22","0.00","55",,"39"
"CO000080222","BOGOTA ELDORADO, CO","4.701","-74.15","2548.0","2020-03-23","0.00","57","70","49"
"CO000080222","BOGOTA ELDORADO, CO","4.701","-74.15","2548.0","2020-03-24","0.00","57",,"52"
"CO000080222","BOGOTA ELDORADO, CO","4.701","-74.15","2548.0","2020-03-25","0.00","58",,"49"
"CO000080222","BOGOTA ELDORADO, CO","4.701","-74.15","2548.0","2020-03-26","0.00","60",,"52"
"CO000080222","BOGOTA ELDORADO, CO","4.701","-74.15","2548.0","2020-03-27","0.00","57",,"44"
"CO000080222","BOGOTA ELDORADO, CO","4.701","-74.15","2548.0","2020-03-28",,"60","72","52"
"CO000080222","BOGOTA ELDORADO, CO","4.701","-74.15","2548.0","2020-03-29","0.00","59",,"48"
"CO000080222","BOGOTA ELDORADO, CO","4.701","-74.15","2548.0","2020-03-30","0.00","58","71","51"
"CO000080222","BOGOTA ELDORADO, CO","4.701","-74.15","2548.0","2020-03-31",,"60","67","52"
"CO000080222","BOGOTA ELDORADO, CO","4.701","-74.15","2548.0","2020-04-01",,"57","68",
"CO000080222","BOGOTA ELDORADO, CO","4.701","-74.15","2548.0","2020-04-02","0.63","59",,
"CO000080222","BOGOTA ELDORADO, CO","4.701","-74.15","2548.0","2020-04-03","0.00","60","71",
"CO000080222","BOGOTA ELDORADO, CO","4.701","-74.15","2548.0","2020-04-04","0.00","61","71","52"
"CO000080222","BOGOTA ELDORADO, CO","4.701","-74.15","2548.0","2020-04-05","0.00","60","69","49"
"CO000080222","BOGOTA ELDORADO, CO","4.701","-74.15","2548.0","2020-04-06","0.00","60",,"52"
"CO000080222","BOGOTA ELDORADO, CO","4.701","-74.15","2548.0","2020-04-07","0.28","60","70","53"
"CO000080222","BOGOTA ELDORADO, CO","4.701","-74.15","2548.0","2020-04-08","0.00","60","70","50"
"CO000080222","BOGOTA ELDORADO, CO","4.701","-74.15","2548.0","2020-04-09","0.02","60","71","49"
"CO000080222","BOGOTA ELDORADO, CO","4.701","-74.15","2548.0","2020-04-10","0.00","58","69","48"
"CO000080222","BOGOTA ELDORADO, CO","4.701","-74.15","2548.0","2020-04-11","0.00","59",,"52"
"CO000080222","BOGOTA ELDORADO, CO","4.701","-74.15","2548.0","2020-04-12","0.00","60","69","54"
"CO000080222","BOGOTA ELDORADO, CO","4.701","-74.15","2548.0","2020-04-13","0.00","59",,
"CO000080222","BOGOTA ELDORADO, CO","4.701","-74.15","2548.0","2020-04-14",,"59","73",
"CO000080222","BOGOTA ELDORADO, CO","4.701","-74.15","2548.0","2020-04-15","0.00","57","72","43"
"CO000080222","BOGOTA ELDORADO, CO","4.701","-74.15","2548.0","2020-04-16","0.00","57",,"43"
"CO000080222","BOGOTA ELDORADO, CO","4.701","-74.15","2548.0","2020-04-17","0.02","57","71","52"
"CO000080222","BOGOTA ELDORADO, CO","4.701","-74.15","2548.0","2020-04-18","0.00","57",,"48"
"CO000080222","BOGOTA ELDORADO, CO","4.701","-74.15","2548.0","2020-04-19","0.00","58",,"47"
"CO000080222","BOGOTA ELDORADO, CO","4.701","-74.15","2548.0","2020-04-20","0.20","58","71","47"
"CO000080222","BOGOTA ELDORADO, CO","4.701","-74.15","2548.0","2020-04-21","0.16","57","71","51"
"CO000080222","BOGOTA ELDORADO, CO","4.701","-74.15","2548.0","2020-04-22","0.39","58",,"52"
"CO000080222","BOGOTA ELDORADO, CO","4.701","-74.15","2548.0","2020-04-23","0.24","57","69",
"CO000080222","BOGOTA ELDORADO, CO","4.701","-74.15","2548.0","2020-04-24","0.00","57",,
"CO000080222","BOGOTA ELDORADO, CO","4.701","-74.15","2548.0","2020-04-25","0.00","60","73","49"
"CO000080222","BOGOTA ELDORADO, CO","4.701","-74.15","2548.0","2020-04-26","0.16","58","73","46"
"CO000080222","BOGOTA ELDORADO, CO","4.701","-74.15","2548.0","2020-04-27","0.00","59","71","49"
"CO000080222","BOGOTA ELDORADO, CO","4.701","-74.15","2548.0","2020-04-28","0.00","60",,"49"
"CO000080222","BOGOTA ELDORADO, CO","4.701","-74.15","2548.0","2020-04-29","0.00","57","70","44"
"CO000080222","BOGOTA ELDORADO, CO","4.701","-74.15","2548.0","2020-04-30","0.00","57",,
"CO000080222","BOGOTA ELDORADO, CO","4.701","-74.15","2548.0","2020-05-01","0.12","58","71","51"
"CO000080222","BOGOTA ELDORADO, CO","4.701","-74.15","2548.0","2020-05-02","0.08","57","66","49"
"CO000080222","BOGOTA ELDORADO, CO","4.701","-74.15","2548.0","2020-05-03","0.00","58","66",
"CO000080222","BOGOTA ELDORADO, CO","4.701","-74.15","2548.0","2020-05-04","0.08","58",,"48"
"CO000080222","BOGOTA ELDORADO, CO","4.701","-74.15","2548.0","2020-05-05","0.00","61",,
"CO000080222","BOGOTA ELDORADO, CO","4.701","-74.15","2548.0","2020-05-06","0.00","59","68","49"
"CO000080222","BOGOTA ELDORADO, CO","4.701","-74.15","2548.0","2020-05-07","0.16","59",,"52"
"CO000080222","BOGOTA ELDORADO, CO","4.701","-74.15","2548.0","2020-05-08","0.00","58","67","49"
"CO000080222","BOGOTA ELDORADO, CO","4.701","-74.15","2548.0","2020-05-09","0.00","60","68","54"
"CO000080222","BOGOTA ELDORADO, CO","4.701","-74.15","2548.0","2020-05-10",,"60",,
"CO000080222","BOGOTA ELDORADO, CO","4.701","-74.15","2548.0","2020-05-11","0.00","60","71","50"
"CO000080222","BOGOTA ELDORADO, CO","4.701","-74.15","2548.0","2020-05-12","0.00","59","71","49"
"CO000080222","BOGOTA ELDORADO, CO","4.701","-74.15","2548.0","2020-05-13","0.12","57",,"51"
"CO000080222","BOGOTA ELDORADO, CO","4.701","-74.15","2548.0","2020-05-14","0.00","56","68","42"
"CO000080222","BOGOTA ELDORADO, CO","4.701","-74.15","2548.0","2020-05-15","0.04","59",,"49"
"CO000080222","BOGOTA ELDORADO, CO","4.701","-74.15","2548.0","2020-05-16","0.00","61","70",
"CO000080222","BOGOTA ELDORADO, CO","4.701","-74.15","2548.0","2020-05-17","0.00","60","68","54"
"CO000080222","BOGOTA ELDORADO, CO","4.701","-74.15","2548.0","2020-05-18","0.04","60",,"53"
"CO000080222","BOGOTA ELDORADO, CO","4.701","-74.15","2548.0","2020-05-19","0.12","58","68",
"CO000080222","BOGOTA ELDORADO, CO","4.701","-74.15","2548.0","2020-05-20","0.00","58",,"47"
"CO000080222","BOGOTA ELDORADO, CO","4.701","-74.15","2548.0","2020-05-21","0.00","59","67","50"
"CO000080222","BOGOTA ELDORADO, CO","4.701","-74.15","2548.0","2020-05-22","0.00","61",,"53"
"CO000080222","BOGOTA ELDORADO, CO","4.701","-74.15","2548.0","2020-05-23","0.01","59","70","50"
"CO000080222","BOGOTA ELDORADO, CO","4.701","-74.15","2548.0","2020-05-24","0.00","58",,"47"
"CO000080222","BOGOTA ELDORADO, CO","4.701","-74.15","2548.0","2020-05-25","0.00","60",,"49"
"CO000080222","BOGOTA ELDORADO, CO","4.701","-74.15","2548.0","2020-05-26","0.00","59","70","52"
"CO000080222","BOGOTA ELDORADO, CO","4.701","-74.15","2548.0","2020-05-27","0.28","59",,"53"
"CO000080222","BOGOTA ELDORADO, CO","4.701","-74.15","2548.0","2020-05-28","0.00","56","66","47"
"CO000080222","BOGOTA ELDORADO, CO","4.701","-74.15","2548.0","2020-05-29",,"59","66",
"CO000080222","BOGOTA ELDORADO, CO","4.701","-74.15","2548.0","2020-05-30","0.16","57","68",
"CO000080222","BOGOTA ELDORADO, CO","4.701","-74.15","2548.0","2020-05-31","0.59","56","68","49"
"CO000080222","BOGOTA ELDORADO, CO","4.701","-74.15","2548.0","2020-06-01","0.28","58","69",
"CO000080222","BOGOTA ELDORADO, CO","4.701","-74.15","2548.0","2020-06-02","0.71","56",,"44"
"CO000080222","BOGOTA ELDORADO, CO","4.701","-74.15","2548.0","2020-06-03","0.02","57","68","51"
"CO000080222","BOGOTA ELDORADO, CO","4.701","-74.15","2548.0","2020-06-04","0.04","58",,"49"
"CO000080222","BOGOTA ELDORADO, CO","4.701","-74.15","2548.0","2020-06-05","0.00","60","71","54"
"CO000080222","BOGOTA ELDORADO, CO","4.701","-74.15","2548.0","2020-06-06","0.12","57","67","51"
"CO000080222","BOGOTA ELDORADO, CO","4.701","-74.15","2548.0","2020-06-07","0.04","57",,"45"
"CO000080222","BOGOTA ELDORADO, CO","4.701","-74.15","2548.0","2020-06-08","0.00","57",,"46"
"CO000080222","BOGOTA ELDORADO, CO","4.701","-74.15","2548.0","2020-06-09","0.00","58",,"47"
"CO000080222","BOGOTA ELDORADO, CO","4.701","-74.15","2548.0","2020-06-10","0.00","57","71",
"CO000080222","BOGOTA ELDORADO, CO","4.701","-74.15","2548.0","2020-06-11","0.08","57",,"52"
"CO000080222","BOGOTA ELDORADO, CO","4.701","-74.15","2548.0","2020-06-12","0.51","57","71","53"
"CO000080222","BOGOTA ELDORADO, CO","4.701","-74.15","2548.0","2020-06-13","0.08","57",,
"CO000080222","BOGOTA ELDORADO, CO","4.701","-74.15","2548.0","2020-06-14","0.01","59","69","51"
"CO000080222","BOGOTA ELDORADO, CO","4.701","-74.15","2548.0","2020-06-15","0.20","59","67","52"
"CO000080222","BOGOTA ELDORADO, CO","4.701","-74.15","2548.0","2020-06-16","0.00","56","67","43"
"CO000080222","BOGOTA ELDORADO, CO","4.701","-74.15","2548.0","2020-06-17","0.24","56","68","49"
"CO000080222","BOGOTA ELDORADO, CO","4.701","-74.15","2548.0","2020-06-18","0.16","54","63","46"
"CO000080222","BOGOTA ELDORADO, CO","4.701","-74.15","2548.0","2020-06-19","1.18","57",,"49"
"CO000080222","BOGOTA ELDORADO, CO","4.701","-74.15","2548.0","2020-06-20","0.00","58","70","47"
"CO000080222","BOGOTA ELDORADO, CO","4.701","-74.15","2548.0","2020-06-21","1.89","59",,"52"
"CO000080222","BOGOTA ELDORADO, CO","4.701","-74.15","2548.0","2020-06-22","0.12","58","70",
"CO000080222","BOGOTA ELDORADO, CO","4.701","-74.15","2548.0","2020-06-23","0.04","58",,"50"
"CO000080222","BOGOTA ELDORADO, CO","4.701","-74.15","2548.0","2020-06-24","0.00","58",,"48"
"CO000080222","BOGOTA ELDORADO, CO","4.701","-74.15","2548.0","2020-06-25","0.00","58","70","48"
"CO000080222","BOGOTA ELDORADO, CO","4.701","-74.15","2548.0","2020-06-26","0.00","58",,"49"
"CO000080222","BOGOTA ELDORADO, CO","4.701","-74.15","2548.0","2020-06-27","0.08","59",,"51"
"CO000080222","BOGOTA ELDORADO, CO","4.701","-74.15","2548.0","2020-06-28","0.01","57","67",
"CO000080222","BOGOTA ELDORADO, CO","4.701","-74.15","2548.0","2020-06-29","0.16","56","66",
"CO000080222","BOGOTA ELDORADO, CO","4.701","-74.15","2548.0","2020-06-30","0.00","57",,
"CO000080222","BOGOTA ELDORADO, CO","4.701","-74.15","2548.0","2020-07-01","0.00","57","70","47"
"CO000080222","BOGOTA ELDORADO, CO","4.701","-74.15","2548.0","2020-07-02",,"57","68","49"
"CO000080222","BOGOTA ELDORADO, CO","4.701","-74.15","2548.0","2020-07-03","0.01","57",,"44"
"CO000080222","BOGOTA ELDORADO, CO","4.701","-74.15","2548.0","2020-07-04","0.31","57",,
"CO000080222","BOGOTA ELDORADO, CO","4.701","-74.15","2548.0","2020-07-05","0.24","56",,"46"
"CO000080222","BOGOTA ELDORADO, CO","4.701","-74.15","2548.0","2020-07-06","0.12","57","69","51"
"CO000080222","BOGOTA ELDORADO, CO","4.701","-74.15","2548.0","2020-07-07","0.08","57","68",
"CO000080222","BOGOTA ELDORADO, CO","4.701","-74.15","2548.0","2020-07-08","0.01","57",,"45"
"CO000080222","BOGOTA ELDORADO, CO","4.701","-74.15","2548.0","2020-07-09","0.02","58",,"49"
"CO000080222","BOGOTA ELDORADO, CO","4.701","-74.15","2548.0","2020-07-10","0.00","57","69","49"
"CO000080222","BOGOTA ELDORADO, CO","4.701","-74.15","2548.0","2020-07-11","0.02","56","67","50"
"CO000080222","BOGOTA ELDORADO, CO","4.701","-74.15","2548.0","2020-07-12","0.24","56","64","50"
"CO000080222","BOGOTA ELDORADO, CO","4.701","-74.15","2548.0","2020-07-13","0.20","58","66","49"
"CO000080222","BOGOTA ELDORADO, CO","4.701","-74.15","2548.0","2020-07-14","0.01","58",,"50"
"CO000080222","BOGOTA ELDORADO, CO","4.701","-74.15","2548.0","2020-07-15","0.00","57","65","51"
"CO000080222","BOGOTA ELDORADO, CO","4.701","-74.15","2548.0","2020-07-16","0.16","57","66","48"
"CO000080222","BOGOTA ELDORADO, CO","4.701","-74.15","2548.0","2020-07-17","0.04","56",,"50"
"CO000080222","BOGOTA ELDORADO, CO","4.701","-74.15","2548.0","2020-07-18","0.00","58","67","48"
"CO000080222","BOGOTA ELDORADO, CO","4.701","-74.15","2548.0","2020-07-19","0.47","57","69","48"
"CO000080222","BOGOTA ELDORADO, CO","4.701","-74.15","2548.0","2020-07-20","0.00","58",,
"CO000080222","BOGOTA ELDORADO, CO","4.701","-74.15","2548.0","2020-07-21",,"56","67",
"CO000080222","BOGOTA ELDORADO, CO","4.701","-74.15","2548.0","2020-07-22","0.20","55","66","47"
"CO000080222","BOGOTA ELDORADO, CO","4.701","-74.15","2548.0","2020-07-23","0.67","56",,"49"
"CO000080222","BOGOTA ELDORADO, CO","4.701","-74.15","2548.0","2020-07-24","0.43","57","69","51"
"CO000080222","BOGOTA ELDORADO, CO","4.701","-74.15","2548.0","2020-07-25","0.12","54","66",
"CO000080222","BOGOTA ELDORADO, CO","4.701","-74.15","2548.0","2020-07-26","0.00","56",,"47"
"CO000080222","BOGOTA ELDORADO, CO","4.701","-74.15","2548.0","2020-07-27","0.00","58","66","51"
"CO000080222","BOGOTA ELDORADO, CO","4.701","-74.15","2548.0","2020-07-28","0.00","58",,"50"
"CO000080222","BOGOTA ELDORADO, CO","4.701","-74.15","2548.0","2020-07-29","0.00","58","69","47"
"CO000080222","BOGOTA ELDORADO, CO","4.701","-74.15","2548.0","2020-07-30","2.56","57","68","48"
"CO000080222","BOGOTA ELDORADO, CO","4.701","-74.15","2548.0","2020-07-31","0.02","58","68","49"
"CO000080222","BOGOTA ELDORADO, CO","4.701","-74.15","2548.0","2020-08-01","0.00","56",,
"CO000080222","BOGOTA ELDORADO, CO","4.701","-74.15","2548.0","2020-08-02","0.00","57",,"44"
"CO000080222","BOGOTA ELDORADO, CO","4.701","-74.15","2548.0","2020-08-03","0.00","59","68","48"
"CO000080222","BOGOTA ELDORADO, CO","4.701","-74.15","2548.0","2020-08-04","0.00","58",,"49"
"CO000080222","BOGOTA ELDORADO, CO","4.701","-74.15","2548.0","2020-08-05","0.00","58","67","51"
"CO000080222","BOGOTA ELDORADO, CO","4.701","-74.15","2548.0","2020-08-06","0.03","57","65",
"CO000080222","BOGOTA ELDORADO, CO","4.701","-74.15","2548.0","2020-08-07","0.01","57","66",
"CO000080222","BOGOTA ELDORADO, CO","4.701","-74.15","2548.0","2020-08-08","0.04","58",,"50"
"CO000080222","BOGOTA ELDORADO, CO","4.701","-74.15","2548.0","2020-08-09","0.00","57","67","50"
"CO000080222","BOGOTA ELDORADO, CO","4.701","-74.15","2548.0","2020-08-10","0.00","58",,"52"
"CO000080222","BOGOTA ELDORADO, CO","4.701","-74.15","2548.0","2020-08-11","0.00","59",,"50"
"CO000080222","BOGOTA ELDORADO, CO","4.701","-74.15","2548.0","2020-08-12","0.03","58",,"47"
"CO000080222","BOGOTA ELDORADO, CO","4.701","-74.15","2548.0","2020-08-13","0.35","59","72","51"
"CO000080222","BOGOTA ELDORADO, CO","4.701","-74.15","2548.0","2020-08-14","0.00","59","69",
"CO000080222","BOGOTA ELDORADO, CO","4.701","-74.15","2548.0","2020-08-15","0.01","59",,"51"
"CO000080222","BOGOTA ELDORADO, CO","4.701","-74.15","2548.0","2020-08-16","0.00","57","70","46"
"CO000080222","BOGOTA ELDORADO, CO","4.701","-74.15","2548.0","2020-08-17","0.00","54","69",
"CO000080222","BOGOTA ELDORADO, CO","4.701","-74.15","2548.0","2020-08-18","0.28","56",,"46"
"CO000080222","BOGOTA ELDORADO, CO","4.701","-74.15","2548.0","2020-08-19","0.04","58",,"48"
"CO000080222","BOGOTA ELDORADO, CO","4.701","-74.15","2548.0","2020-08-20","0.00","56","70","47"
"CO000080222","BOGOTA ELDORADO, CO","4.701","-74.15","2548.0","2020-08-21","0.03","58","68","50"
"CO000080222","BOGOTA ELDORADO, CO","4.701","-74.15","2548.0","2020-08-22","0.20","57","69","51"
"CO000080222","BOGOTA ELDORADO, CO","4.701","-74.15","2548.0","2020-08-23","0.94","56",,"49"
"CO000080222","BOGOTA ELDORADO, CO","4.701","-74.15","2548.0","2020-08-24","0.00","59",,"51"
"CO000080222","BOGOTA ELDORADO, CO","4.701","-74.15","2548.0","2020-08-25","1.46","58","72","47"
"CO000080222","BOGOTA ELDORADO, CO","4.701","-74.15","2548.0","2020-08-26","0.00","56","69","44"
"CO000080222","BOGOTA ELDORADO, CO","4.701","-74.15","2548.0","2020-08-27",,"57",,
"CO000080222","BOGOTA ELDORADO, CO","4.701","-74.15","2548.0","2020-08-28","0.00","60",,
"CO000080222","BOGOTA ELDORADO, CO","4.701","-74.15","2548.0","2020-08-29","0.00","56","71","42"
"CO000080222","BOGOTA ELDORADO, CO","4.701","-74.15","2548.0","2020-08-30","0.00","57","71","49"
"CO000080222","BOGOTA ELDORADO, CO","4.701","-74.15","2548.0","2020-08-31","0.00","56",,"45"
"CO000080222","BOGOTA ELDORADO, CO","4.701","-74.15","2548.0","2020-09-01","0.67","58",,
"CO000080222","BOGOTA ELDORADO, CO","4.701","-74.15","2548.0","2020-09-02","0.04","56","70","53"
"CO000080222","BOGOTA ELDORADO, CO","4.701","-74.15","2548.0","2020-09-03","0.20","58",,"51"
"CO000080222","BOGOTA ELDORADO, CO","4.701","-74.15","2548.0","2020-09-04","0.00","59",,
"CO000080222","BOGOTA ELDORADO, CO","4.701","-74.15","2548.0","2020-09-05","0.63","60","70","48"
"CO000080222","BOGOTA ELDORADO, CO","4.701","-74.15","2548.0","2020-09-06","0.31","58","72","50"
"CO000080222","BOGOTA ELDORADO, CO","4.701","-74.15","2548.0","2020-09-07","0.00","53","68","39"
"CO000080222","BOGOTA ELDORADO, CO","4.701","-74.15","2548.0","2020-09-08","0.28","56",,"47"
"CO000080222","BOGOTA ELDORADO, CO","4.701","-74.15","2548.0","2020-09-09","0.00","51","67",
"CO000080222","BOGOTA ELDORADO, CO","4.701","-74.15","2548.0","2020-09-10","0.12","56","68","42"
"CO000080222","BOGOTA ELDORADO, CO","4.701","-74.15","2548.0","2020-09-11","0.00","58","69","49"
"CO000080222","BOGOTA ELDORADO, CO","4.701","-74.15","2548.0","2020-09-12","0.00","58","69","46"
"CO000080222","BOGOTA ELDORADO, CO","4.701","-74.15","2548.0","2020-09-13","0.00","58","70","49"
"CO000080222","BOGOTA ELDORADO, CO","4.701","-74.15","2548.0","2020-09-14","0.00","56","69",
"CO000080222","BOGOTA ELDORADO, CO","4.701","-74.15","2548.0","2020-09-15","0.00","55",,"43"
"CO000080222","BOGOTA ELDORADO, CO","4.701","-74.15","2548.0","2020-09-16","0.01","57","69","50"
"CO000080222","BOGOTA ELDORADO, CO","4.701","-74.15","2548.0","2020-09-17","0.47","56",,"49"
"CO000080222","BOGOTA ELDORADO, CO","4.701","-74.15","2548.0","2020-09-18","6.30","57","67","48"
"CO000080222","BOGOTA ELDORADO, CO","4.701","-74.15","2548.0","2020-09-19","0.24","58","69","51"
"CO000080222","BOGOTA ELDORADO, CO","4.701","-74.15","2548.0","2020-09-20","1.38","58","68",
"CO000080222","BOGOTA ELDORADO, CO","4.701","-74.15","2548.0","2020-09-21","0.00","58","70","48"
"CO000080222","BOGOTA ELDORADO, CO","4.701","-74.15","2548.0","2020-09-22","0.01","56",,"39"
"CO000080222","BOGOTA ELDORADO, CO","4.701","-74.15","2548.0","2020-09-23","0.00","55","72","48"
"CO000080222","BOGOTA ELDORADO, CO","4.701","-74.15","2548.0","2020-09-24","0.01","58","66","50"
"CO000080222","BOGOTA ELDORADO, CO","4.701","-74.15","2548.0","2020-09-25","0.03","57",,"48"
"CO000080222","BOGOTA ELDORADO, CO","4.701","-74.15","2548.0","2020-09-26","0.00","55","67","44"
"CO000080222","BOGOTA ELDORADO, CO","4.701","-74.15","2548.0","2020-09-27","0.00","56","67",
"CO000080222","BOGOTA ELDORADO, CO","4.701","-74.15","2548.0","2020-09-28","0.00","54","68","42"
"CO000080222","BOGOTA ELDORADO, CO","4.701","-74.15","2548.0","2020-09-29","0.00","56","67","45"
"CO000080222","BOGOTA ELDORADO, CO","4.701","-74.15","2548.0","2020-09-30","0.00","57",,"51"
"CO000080222","BOGOTA ELDORADO, CO","4.701","-74.15","2548.0","2020-10-01",,"57",,
"CO000080222","BOGOTA ELDORADO, CO","4.701","-74.15","2548.0","2020-10-02",,"56",,
"CO000080222","BOGOTA ELDORADO, CO","4.701","-74.15","2548.0","2020-10-03",,"57",,
"CO000080222","BOGOTA ELDORADO, CO","4.701","-74.15","2548.0","2020-10-04",,"58",,
"CO000080222","BOGOTA ELDORADO, CO","4.701","-74.15","2548.0","2020-10-05",,"53",,
"CO000080222","BOGOTA ELDORADO, CO","4.701","-74.15","2548.0","2020-10-06",,"56",,
"CO000080222","BOGOTA ELDORADO, CO","4.701","-74.15","2548.0","2020-10-07",,"55",,
"CO000080222","BOGOTA ELDORADO, CO","4.701","-74.15","2548.0","2020-10-08",,"56",,
"CO000080222","BOGOTA ELDORADO, CO","4.701","-74.15","2548.0","2020-10-09",,"57",,
"CO000080222","BOGOTA ELDORADO, CO","4.701","-74.15","2548.0","2020-10-10",,"55",,
"CO000080222","BOGOTA ELDORADO, CO","4.701","-74.15","2548.0","2020-10-11",,"56",,
"CO000080222","BOGOTA ELDORADO, CO","4.701","-74.15","2548.0","2020-10-12",,"57",,
"CO000080222","BOGOTA ELDORADO, CO","4.701","-74.15","2548.0","2020-10-13",,"60",,
"CO000080222","BOGOTA ELDORADO, CO","4.701","-74.15","2548.0","2020-10-14",,"55",,
"CO000080222","BOGOTA ELDORADO, CO","4.701","-74.15","2548.0","2020-10-15",,"58",,
"CO000080222","BOGOTA ELDORADO, CO","4.701","-74.15","2548.0","2020-10-16",,"58",,
"CO000080222","BOGOTA ELDORADO, CO","4.701","-74.15","2548.0","2020-10-17",,"56",,
"CO000080222","BOGOTA ELDORADO, CO","4.701","-74.15","2548.0","2020-10-18",,"57",,
"CO000080222","BOGOTA ELDORADO, CO","4.701","-74.15","2548.0","2020-10-19",,"58",,
"CO000080222","BOGOTA ELDORADO, CO","4.701","-74.15","2548.0","2020-10-20",,"59",,
"CO000080222","BOGOTA ELDORADO, CO","4.701","-74.15","2548.0","2020-10-21",,"60",,
"CO000080222","BOGOTA ELDORADO, CO","4.701","-74.15","2548.0","2020-10-22",,"58",,
"CO000080222","BOGOTA ELDORADO, CO","4.701","-74.15","2548.0","2020-10-23",,"58",,
"CO000080222","BOGOTA ELDORADO, CO","4.701","-74.15","2548.0","2020-10-24",,"58",,
"CO000080222","BOGOTA ELDORADO, CO","4.701","-74.15","2548.0","2020-10-25",,"55",,
"CO000080222","BOGOTA ELDORADO, CO","4.701","-74.15","2548.0","2020-10-26",,"58",,
"CO000080222","BOGOTA ELDORADO, CO","4.701","-74.15","2548.0","2020-10-27",,"59",,
"CO000080222","BOGOTA ELDORADO, CO","4.701","-74.15","2548.0","2020-10-28",,"59",,
"CO000080222","BOGOTA ELDORADO, CO","4.701","-74.15","2548.0","2020-10-29",,"56",,
"CO000080222","BOGOTA ELDORADO, CO","4.701","-74.15","2548.0","2020-10-30",,"57",,
"CO000080222","BOGOTA ELDORADO, CO","4.701","-74.15","2548.0","2020-10-31",,"57",,
"CO000080222","BOGOTA ELDORADO, CO","4.701","-74.15","2548.0","2020-11-01",,"58",,
"CO000080222","BOGOTA ELDORADO, CO","4.701","-74.15","2548.0","2020-11-02",,"59",,
"CO000080222","BOGOTA ELDORADO, CO","4.701","-74.15","2548.0","2020-11-03",,"58",,
"CO000080222","BOGOTA ELDORADO, CO","4.701","-74.15","2548.0","2020-11-04",,"59",,
"CO000080222","BOGOTA ELDORADO, CO","4.701","-74.15","2548.0","2020-11-05",,"58",,
"CO000080222","BOGOTA ELDORADO, CO","4.701","-74.15","2548.0","2020-11-06",,"55",,
"CO000080222","BOGOTA ELDORADO, CO","4.701","-74.15","2548.0","2020-11-07",,"56",,
"CO000080222","BOGOTA ELDORADO, CO","4.701","-74.15","2548.0","2020-11-08",,"56",,
"CO000080222","BOGOTA ELDORADO, CO","4.701","-74.15","2548.0","2020-11-09",,"58",,
"CO000080222","BOGOTA ELDORADO, CO","4.701","-74.15","2548.0","2020-11-10",,"57",,
"CO000080222","BOGOTA ELDORADO, CO","4.701","-74.15","2548.0","2020-11-11",,"56",,
"CO000080222","BOGOTA ELDORADO, CO","4.701","-74.15","2548.0","2020-11-12",,"56",,
"CO000080222","BOGOTA ELDORADO, CO","4.701","-74.15","2548.0","2020-11-13",,"57",,
"CO000080222","BOGOTA ELDORADO, CO","4.701","-74.15","2548.0","2020-11-14",,"57",,
"CO000080222","BOGOTA ELDORADO, CO","4.701","-74.15","2548.0","2020-11-15",,"58",,
"CO000080222","BOGOTA ELDORADO, CO","4.701","-74.15","2548.0","2020-11-16",,"55",,
"CO000080222","BOGOTA ELDORADO, CO","4.701","-74.15","2548.0","2020-11-17",,"57",,
"CO000080222","BOGOTA ELDORADO, CO","4.701","-74.15","2548.0","2020-11-18",,"56",,
"CO000080222","BOGOTA ELDORADO, CO","4.701","-74.15","2548.0","2020-11-19",,"57",,
"CO000080222","BOGOTA ELDORADO, CO","4.701","-74.15","2548.0","2020-11-20",,"58",,
"CO000080222","BOGOTA ELDORADO, CO","4.701","-74.15","2548.0","2020-11-21",,"57",,
"CO000080222","BOGOTA ELDORADO, CO","4.701","-74.15","2548.0","2020-11-22",,"58",,
"CO000080222","BOGOTA ELDORADO, CO","4.701","-74.15","2548.0","2020-11-23",,"57",,
"CO000080222","BOGOTA ELDORADO, CO","4.701","-74.15","2548.0","2020-11-24",,"53",,
"CO000080222","BOGOTA ELDORADO, CO","4.701","-74.15","2548.0","2020-11-25",,"58",,
"CO000080222","BOGOTA ELDORADO, CO","4.701","-74.15","2548.0","2020-11-26",,"57",,
"CO000080222","BOGOTA ELDORADO, CO","4.701","-74.15","2548.0","2020-11-27",,"58",,
"CO000080222","BOGOTA ELDORADO, CO","4.701","-74.15","2548.0","2020-11-28",,"57",,
"CO000080222","BOGOTA ELDORADO, CO","4.701","-74.15","2548.0","2020-11-29",,"58",,
"CO000080222","BOGOTA ELDORADO, CO","4.701","-74.15","2548.0","2020-11-30",,"58",,
"CO000080222","BOGOTA ELDORADO, CO","4.701","-74.15","2548.0","2020-12-01",,"59",,
"CO000080222","BOGOTA ELDORADO, CO","4.701","-74.15","2548.0","2020-12-02",,"58",,
"CO000080222","BOGOTA ELDORADO, CO","4.701","-74.15","2548.0","2020-12-03",,"58",,
"CO000080222","BOGOTA ELDORADO, CO","4.701","-74.15","2548.0","2020-12-04",,"57",,
"CO000080222","BOGOTA ELDORADO, CO","4.701","-74.15","2548.0","2020-12-05",,"57",,
"CO000080222","BOGOTA ELDORADO, CO","4.701","-74.15","2548.0","2020-12-06",,"57",,
"CO000080222","BOGOTA ELDORADO, CO","4.701","-74.15","2548.0","2020-12-07",,"54",,
"CO000080222","BOGOTA ELDORADO, CO","4.701","-74.15","2548.0","2020-12-08",,"58",,
"CO000080222","BOGOTA ELDORADO, CO","4.701","-74.15","2548.0","2020-12-09",,"56",,
"CO000080222","BOGOTA ELDORADO, CO","4.701","-74.15","2548.0","2020-12-10",,"55",,
"CO000080222","BOGOTA ELDORADO, CO","4.701","-74.15","2548.0","2020-12-11",,"58",,
"CO000080222","BOGOTA ELDORADO, CO","4.701","-74.15","2548.0","2020-12-12",,"54",,
"CO000080222","BOGOTA ELDORADO, CO","4.701","-74.15","2548.0","2020-12-13",,"56",,
"CO000080222","BOGOTA ELDORADO, CO","4.701","-74.15","2548.0","2020-12-14",,"56",,
"CO000080222","BOGOTA ELDORADO, CO","4.701","-74.15","2548.0","2020-12-15",,"56",,
"CO000080222","BOGOTA ELDORADO, CO","4.701","-74.15","2548.0","2020-12-16",,"58",,
"CO000080222","BOGOTA ELDORADO, CO","4.701","-74.15","2548.0","2020-12-17",,"57",,
"CO000080222","BOGOTA ELDORADO, CO","4.701","-74.15","2548.0","2020-12-18",,"57",,
"CO000080222","BOGOTA ELDORADO, CO","4.701","-74.15","2548.0","2020-12-19",,"59",,
"CO000080222","BOGOTA ELDORADO, CO","4.701","-74.15","2548.0","2020-12-20",,"60",,
"CO000080222","BOGOTA ELDORADO, CO","4.701","-74.15","2548.0","2020-12-21",,"56",,
"CO000080222","BOGOTA ELDORADO, CO","4.701","-74.15","2548.0","2020-12-22",,"56",,
"CO000080222","BOGOTA ELDORADO, CO","4.701","-74.15","2548.0","2020-12-23",,"56",,
"CO000080222","BOGOTA ELDORADO, CO","4.701","-74.15","2548.0","2020-12-24",,"60",,
"CO000080222","BOGOTA ELDORADO, CO","4.701","-74.15","2548.0","2020-12-25",,"59",,
"CO000080222","BOGOTA ELDORADO, CO","4.701","-74.15","2548.0","2020-12-26",,"56",,
"CO000080222","BOGOTA ELDORADO, CO","4.701","-74.15","2548.0","2020-12-27",,"56",,
"CO000080222","BOGOTA ELDORADO, CO","4.701","-74.15","2548.0","2020-12-28",,"55",,
"CO000080222","BOGOTA ELDORADO, CO","4.701","-74.15","2548.0","2020-12-29",,"57",,
"CO000080222","BOGOTA ELDORADO, CO","4.701","-74.15","2548.0","2020-12-30",,"57",,
"CO000080222","BOGOTA ELDORADO, CO","4.701","-74.15","2548.0","2020-12-31",,"57",,
"CO000080222","BOGOTA ELDORADO, CO","4.701","-74.15","2548.0","2021-01-01",,"59",,
"CO000080222","BOGOTA ELDORADO, CO","4.701","-74.15","2548.0","2021-01-02",,"57",,
"CO000080222","BOGOTA ELDORADO, CO","4.701","-74.15","2548.0","2021-01-03",,"58",,
"CO000080222","BOGOTA ELDORADO, CO","4.701","-74.15","2548.0","2021-01-04",,"57",,
"CO000080222","BOGOTA ELDORADO, CO","4.701","-74.15","2548.0","2021-01-05",,"54",,
"CO000080222","BOGOTA ELDORADO, CO","4.701","-74.15","2548.0","2021-01-06",,"56",,
"CO000080222","BOGOTA ELDORADO, CO","4.701","-74.15","2548.0","2021-01-07",,"58",,
"CO000080222","BOGOTA ELDORADO, CO","4.701","-74.15","2548.0","2021-01-08",,"54",,
"CO000080222","BOGOTA ELDORADO, CO","4.701","-74.15","2548.0","2021-01-09",,"56",,
"CO000080222","BOGOTA ELDORADO, CO","4.701","-74.15","2548.0","2021-01-10",,"57",,
"CO000080222","BOGOTA ELDORADO, CO","4.701","-74.15","2548.0","2021-01-11",,"57",,
"CO000080222","BOGOTA ELDORADO, CO","4.701","-74.15","2548.0","2021-01-12",,"58",,
"CO000080222","BOGOTA ELDORADO, CO","4.701","-74.15","2548.0","2021-01-13",,"56",,
"CO000080222","BOGOTA ELDORADO, CO","4.701","-74.15","2548.0","2021-01-14",,"56",,
"CO000080222","BOGOTA ELDORADO, CO","4.701","-74.15","2548.0","2021-01-15",,"56",,
"CO000080222","BOGOTA ELDORADO, CO","4.701","-74.15","2548.0","2021-01-16",,"56",,
"CO000080222","BOGOTA ELDORADO, CO","4.701","-74.15","2548.0","2021-01-17",,"56",,
"CO000080222","BOGOTA ELDORADO, CO","4.701","-74.15","2548.0","2021-01-18",,"55",,
"CO000080222","BOGOTA ELDORADO, CO","4.701","-74.15","2548.0","2021-01-19",,"53",,
"CO000080222","BOGOTA ELDORADO, CO","4.701","-74.15","2548.0","2021-01-20",,"53",,
"CO000080222","BOGOTA ELDORADO, CO","4.701","-74.15","2548.0","2021-01-21",,"54",,
"CO000080222","BOGOTA ELDORADO, CO","4.701","-74.15","2548.0","2021-01-22",,"55",,
"CO000080222","BOGOTA ELDORADO, CO","4.701","-74.15","2548.0","2021-01-23",,"57",,
"CO000080222","BOGOTA ELDORADO, CO","4.701","-74.15","2548.0","2021-01-24",,"56",,
"CO000080222","BOGOTA ELDORADO, CO","4.701","-74.15","2548.0","2021-01-25",,"56",,
"CO000080222","BOGOTA ELDORADO, CO","4.701","-74.15","2548.0","2021-01-26",,"55",,
"CO000080222","BOGOTA ELDORADO, CO","4.701","-74.15","2548.0","2021-01-27",,"56",,
"CO000080222","BOGOTA ELDORADO, CO","4.701","-74.15","2548.0","2021-01-28",,"54",,
"CO000080222","BOGOTA ELDORADO, CO","4.701","-74.15","2548.0","2021-01-29",,"58",,
"CO000080222","BOGOTA ELDORADO, CO","4.701","-74.15","2548.0","2021-01-30",,"56",,
"CO000080222","BOGOTA ELDORADO, CO","4.701","-74.15","2548.0","2021-01-31",,"55",,
"CO000080222","BOGOTA ELDORADO, CO","4.701","-74.15","2548.0","2021-02-01",,"57",,
"CO000080222","BOGOTA ELDORADO, CO","4.701","-74.15","2548.0","2021-02-02",,"58",,
"CO000080222","BOGOTA ELDORADO, CO","4.701","-74.15","2548.0","2021-02-03",,"58",,
"CO000080222","BOGOTA ELDORADO, CO","4.701","-74.15","2548.0","2021-02-04",,"56",,
"CO000080222","BOGOTA ELDORADO, CO","4.701","-74.15","2548.0","2021-02-05",,"59",,
"CO000080222","BOGOTA ELDORADO, CO","4.701","-74.15","2548.0","2021-02-06",,"58",,
"CO000080222","BOGOTA ELDORADO, CO","4.701","-74.15","2548.0","2021-02-07",,"57",,
"CO000080222","BOGOTA ELDORADO, CO","4.701","-74.15","2548.0","2021-02-08",,"59",,
"CO000080222","BOGOTA ELDORADO, CO","4.701","-74.15","2548.0","2021-02-09",,"59",,
"CO000080222","BOGOTA ELDORADO, CO","4.701","-74.15","2548.0","2021-02-10",,"56",,
"CO000080222","BOGOTA ELDORADO, CO","4.701","-74.15","2548.0","2021-02-13",,"61",,
"CO000080222","BOGOTA ELDORADO, CO","4.701","-74.15","2548.0","2021-02-14",,"55",,
"CO000080222","BOGOTA ELDORADO, CO","4.701","-74.15","2548.0","2021-02-15",,"58",,
"CO000080222","BOGOTA ELDORADO, CO","4.701","-74.15","2548.0","2021-02-16",,"57",,
"CO000080222","BOGOTA ELDORADO, CO","4.701","-74.15","2548.0","2021-02-17",,"55",,
"CO000080222","BOGOTA ELDORADO, CO","4.701","-74.15","2548.0","2021-02-18",,"59",,
"CO000080222","BOGOTA ELDORADO, CO","4.701","-74.15","2548.0","2021-02-19",,"53",,
"CO000080222","BOGOTA ELDORADO, CO","4.701","-74.15","2548.0","2021-02-21",,"62",,
"CO000080222","BOGOTA ELDORADO, CO","4.701","-74.15","2548.0","2021-02-22",,"57",,
"CO000080222","BOGOTA ELDORADO, CO","4.701","-74.15","2548.0","2021-02-23",,"57",,
"CO000080222","BOGOTA ELDORADO, CO","4.701","-74.15","2548.0","2021-02-24",,"56",,
"CO000080222","BOGOTA ELDORADO, CO","4.701","-74.15","2548.0","2021-02-25",,"58",,
"CO000080222","BOGOTA ELDORADO, CO","4.701","-74.15","2548.0","2021-02-26",,"58",,
"CO000080222","BOGOTA ELDORADO, CO","4.701","-74.15","2548.0","2021-02-27",,"58",,
"CO000080222","BOGOTA ELDORADO, CO","4.701","-74.15","2548.0","2021-02-28",,"58",,
"CO000080222","BOGOTA ELDORADO, CO","4.701","-74.15","2548.0","2021-03-01",,"58",,
"CO000080222","BOGOTA ELDORADO, CO","4.701","-74.15","2548.0","2021-03-02",,"56",,
"CO000080222","BOGOTA ELDORADO, CO","4.701","-74.15","2548.0","2021-03-03",,"56",,
"CO000080222","BOGOTA ELDORADO, CO","4.701","-74.15","2548.0","2021-03-04",,"55",,
"CO000080222","BOGOTA ELDORADO, CO","4.701","-74.15","2548.0","2021-03-05",,"56",,
"CO000080222","BOGOTA ELDORADO, CO","4.701","-74.15","2548.0","2021-03-06",,"56",,
"CO000080222","BOGOTA ELDORADO, CO","4.701","-74.15","2548.0","2021-03-07",,"57",,
"CO000080222","BOGOTA ELDORADO, CO","4.701","-74.15","2548.0","2021-03-08",,"59",,
"CO000080222","BOGOTA ELDORADO, CO","4.701","-74.15","2548.0","2021-03-09",,"57",,
"CO000080222","BOGOTA ELDORADO, CO","4.701","-74.15","2548.0","2021-03-10",,"57",,
"CO000080222","BOGOTA ELDORADO, CO","4.701","-74.15","2548.0","2021-03-11",,"57",,
"CO000080222","BOGOTA ELDORADO, CO","4.701","-74.15","2548.0","2021-03-12",,"55",,
"CO000080222","BOGOTA ELDORADO, CO","4.701","-74.15","2548.0","2021-03-13",,"55",,
"CO000080222","BOGOTA ELDORADO, CO","4.701","-74.15","2548.0","2021-03-14",,"55",,
"CO000080222","BOGOTA ELDORADO, CO","4.701","-74.15","2548.0","2021-03-15",,"55",,
"CO000080222","BOGOTA ELDORADO, CO","4.701","-74.15","2548.0","2021-03-16",,"57",,
"CO000080222","BOGOTA ELDORADO, CO","4.701","-74.15","2548.0","2021-03-17",,"55",,
"CO000080222","BOGOTA ELDORADO, CO","4.701","-74.15","2548.0","2021-03-18",,"55",,
"CO000080222","BOGOTA ELDORADO, CO","4.701","-74.15","2548.0","2021-03-19",,"56",,
"CO000080222","BOGOTA ELDORADO, CO","4.701","-74.15","2548.0","2021-03-20",,"56",,
"CO000080222","BOGOTA ELDORADO, CO","4.701","-74.15","2548.0","2021-03-21",,"54",,
"CO000080222","BOGOTA ELDORADO, CO","4.701","-74.15","2548.0","2021-03-22",,"57",,
"CO000080222","BOGOTA ELDORADO, CO","4.701","-74.15","2548.0","2021-03-23",,"56",,
"CO000080222","BOGOTA ELDORADO, CO","4.701","-74.15","2548.0","2021-03-24",,"56",,
"CO000080222","BOGOTA ELDORADO, CO","4.701","-74.15","2548.0","2021-03-25",,"55",,
"CO000080222","BOGOTA ELDORADO, CO","4.701","-74.15","2548.0","2021-03-26",,"56",,
"CO000080222","BOGOTA ELDORADO, CO","4.701","-74.15","2548.0","2021-03-27",,"57",,
"CO000080222","BOGOTA ELDORADO, CO","4.701","-74.15","2548.0","2021-03-28",,"58",,
"CO000080222","BOGOTA ELDORADO, CO","4.701","-74.15","2548.0","2021-03-29",,"57",,
"CO000080222","BOGOTA ELDORADO, CO","4.701","-74.15","2548.0","2021-03-30",,"58",,
"CO000080222","BOGOTA ELDORADO, CO","4.701","-74.15","2548.0","2021-03-31",,"59",,
"CO000080222","BOGOTA ELDORADO, CO","4.701","-74.15","2548.0","2021-04-01",,"60",,
"CO000080222","BOGOTA ELDORADO, CO","4.701","-74.15","2548.0","2021-04-02",,"59",,
"CO000080222","BOGOTA ELDORADO, CO","4.701","-74.15","2548.0","2021-04-03",,"60",,
"CO000080222","BOGOTA ELDORADO, CO","4.701","-74.15","2548.0","2021-04-04",,"59",,
"CO000080222","BOGOTA ELDORADO, CO","4.701","-74.15","2548.0","2021-04-05",,"61",,
"CO000080222","BOGOTA ELDORADO, CO","4.701","-74.15","2548.0","2021-04-06",,"59",,
"CO000080222","BOGOTA ELDORADO, CO","4.701","-74.15","2548.0","2021-04-07",,"58",,
"CO000080222","BOGOTA ELDORADO, CO","4.701","-74.15","2548.0","2021-04-08",,"56",,
"CO000080222","BOGOTA ELDORADO, CO","4.701","-74.15","2548.0","2021-04-09",,"57",,
"CO000080222","BOGOTA ELDORADO, CO","4.701","-74.15","2548.0","2021-04-10",,"57",,
"CO000080222","BOGOTA ELDORADO, CO","4.701","-74.15","2548.0","2021-04-11",,"59",,
"CO000080222","BOGOTA ELDORADO, CO","4.701","-74.15","2548.0","2021-04-12",,"57",,
"CO000080222","BOGOTA ELDORADO, CO","4.701","-74.15","2548.0","2021-04-13",,"58",,
"CO000080222","BOGOTA ELDORADO, CO","4.701","-74.15","2548.0","2021-04-14",,"60",,
"CO000080222","BOGOTA ELDORADO, CO","4.701","-74.15","2548.0","2021-04-15",,"58",,
"CO000080222","BOGOTA ELDORADO, CO","4.701","-74.15","2548.0","2021-04-16",,"57",,
"CO000080222","BOGOTA ELDORADO, CO","4.701","-74.15","2548.0","2021-04-17",,"59",,
"CO000080222","BOGOTA ELDORADO, CO","4.701","-74.15","2548.0","2021-04-18",,"58",,
"CO000080222","BOGOTA ELDORADO, CO","4.701","-74.15","2548.0","2021-04-19",,"58",,
"CO000080222","BOGOTA ELDORADO, CO","4.701","-74.15","2548.0","2021-04-20",,"56",,
"CO000080222","BOGOTA ELDORADO, CO","4.701","-74.15","2548.0","2021-04-21",,"58",,
"CO000080222","BOGOTA ELDORADO, CO","4.701","-74.15","2548.0","2021-04-22",,"56",,
"CO000080222","BOGOTA ELDORADO, CO","4.701","-74.15","2548.0","2021-04-23",,"60",,
"CO000080222","BOGOTA ELDORADO, CO","4.701","-74.15","2548.0","2021-04-24",,"60",,
"CO000080222","BOGOTA ELDORADO, CO","4.701","-74.15","2548.0","2021-04-25",,"60",,
"CO000080222","BOGOTA ELDORADO, CO","4.701","-74.15","2548.0","2021-04-26",,"60",,
"CO000080222","BOGOTA ELDORADO, CO","4.701","-74.15","2548.0","2021-04-27",,"59",,
"CO000080222","BOGOTA ELDORADO, CO","4.701","-74.15","2548.0","2021-04-28",,"57",,
"CO000080222","BOGOTA ELDORADO, CO","4.701","-74.15","2548.0","2021-04-29",,"57",,
"CO000080222","BOGOTA ELDORADO, CO","4.701","-74.15","2548.0","2021-04-30",,"55",,
"CO000080222","BOGOTA ELDORADO, CO","4.701","-74.15","2548.0","2021-05-01",,"55",,
"CO000080222","BOGOTA ELDORADO, CO","4.701","-74.15","2548.0","2021-05-02",,"57",,
"CO000080222","BOGOTA ELDORADO, CO","4.701","-74.15","2548.0","2021-05-03",,"56",,
"CO000080222","BOGOTA ELDORADO, CO","4.701","-74.15","2548.0","2021-05-04",,"57",,
"CO000080222","BOGOTA ELDORADO, CO","4.701","-74.15","2548.0","2021-05-05",,"57",,
"CO000080222","BOGOTA ELDORADO, CO","4.701","-74.15","2548.0","2021-05-06",,"58",,
"CO000080222","BOGOTA ELDORADO, CO","4.701","-74.15","2548.0","2021-05-07",,"59",,
"CO000080222","BOGOTA ELDORADO, CO","4.701","-74.15","2548.0","2021-05-08",,"57",,
"CO000080222","BOGOTA ELDORADO, CO","4.701","-74.15","2548.0","2021-05-09",,"59",,
"CO000080222","BOGOTA ELDORADO, CO","4.701","-74.15","2548.0","2021-05-10",,"57",,
"CO000080222","BOGOTA ELDORADO, CO","4.701","-74.15","2548.0","2021-05-11",,"58",,
"CO000080222","BOGOTA ELDORADO, CO","4.701","-74.15","2548.0","2021-05-12",,"59",,
"CO000080222","BOGOTA ELDORADO, CO","4.701","-74.15","2548.0","2021-05-13",,"60",,
"CO000080222","BOGOTA ELDORADO, CO","4.701","-74.15","2548.0","2021-05-14",,"60",,
"CO000080222","BOGOTA ELDORADO, CO","4.701","-74.15","2548.0","2021-05-15",,"59",,
"CO000080222","BOGOTA ELDORADO, CO","4.701","-74.15","2548.0","2021-05-16",,"58",,
"CO000080222","BOGOTA ELDORADO, CO","4.701","-74.15","2548.0","2021-05-17",,"58",,
"CO000080222","BOGOTA ELDORADO, CO","4.701","-74.15","2548.0","2021-05-18",,"59",,
"CO000080222","BOGOTA ELDORADO, CO","4.701","-74.15","2548.0","2021-05-19",,"58",,
"CO000080222","BOGOTA ELDORADO, CO","4.701","-74.15","2548.0","2021-05-20",,"58",,
"CO000080222","BOGOTA ELDORADO, CO","4.701","-74.15","2548.0","2021-05-21",,"59",,
"CO000080222","BOGOTA ELDORADO, CO","4.701","-74.15","2548.0","2021-05-22",,"60",,
"CO000080222","BOGOTA ELDORADO, CO","4.701","-74.15","2548.0","2021-05-23",,"61",,
"CO000080222","BOGOTA ELDORADO, CO","4.701","-74.15","2548.0","2021-05-24",,"59",,
"CO000080222","BOGOTA ELDORADO, CO","4.701","-74.15","2548.0","2021-05-25",,"58",,
"CO000080222","BOGOTA ELDORADO, CO","4.701","-74.15","2548.0","2021-05-26",,"59",,
"CO000080222","BOGOTA ELDORADO, CO","4.701","-74.15","2548.0","2021-05-27",,"58",,
"CO000080222","BOGOTA ELDORADO, CO","4.701","-74.15","2548.0","2021-05-28",,"56",,
"CO000080222","BOGOTA ELDORADO, CO","4.701","-74.15","2548.0","2021-05-29",,"57",,
"CO000080222","BOGOTA ELDORADO, CO","4.701","-74.15","2548.0","2021-05-30",,"58",,
"CO000080222","BOGOTA ELDORADO, CO","4.701","-74.15","2548.0","2021-05-31",,"58",,
"CO000080222","BOGOTA ELDORADO, CO","4.701","-74.15","2548.0","2021-06-01",,"59",,
"CO000080222","BOGOTA ELDORADO, CO","4.701","-74.15","2548.0","2021-06-02",,"58",,
"CO000080222","BOGOTA ELDORADO, CO","4.701","-74.15","2548.0","2021-06-03",,"59",,
"CO000080222","BOGOTA ELDORADO, CO","4.701","-74.15","2548.0","2021-06-04",,"60",,
"CO000080222","BOGOTA ELDORADO, CO","4.701","-74.15","2548.0","2021-06-05",,"58",,
"CO000080222","BOGOTA ELDORADO, CO","4.701","-74.15","2548.0","2021-06-06",,"57",,
"CO000080222","BOGOTA ELDORADO, CO","4.701","-74.15","2548.0","2021-06-07",,"58",,
"CO000080222","BOGOTA ELDORADO, CO","4.701","-74.15","2548.0","2021-06-08",,"57",,
"CO000080222","BOGOTA ELDORADO, CO","4.701","-74.15","2548.0","2021-06-09",,"55",,
"CO000080222","BOGOTA ELDORADO, CO","4.701","-74.15","2548.0","2021-06-10",,"57",,
"CO000080222","BOGOTA ELDORADO, CO","4.701","-74.15","2548.0","2021-06-11",,"56",,
"CO000080222","BOGOTA ELDORADO, CO","4.701","-74.15","2548.0","2021-06-12",,"58",,
"CO000080222","BOGOTA ELDORADO, CO","4.701","-74.15","2548.0","2021-06-13",,"58",,
"CO000080222","BOGOTA ELDORADO, CO","4.701","-74.15","2548.0","2021-06-14",,"56",,
"CO000080222","BOGOTA ELDORADO, CO","4.701","-74.15","2548.0","2021-06-15",,"56",,
"CO000080222","BOGOTA ELDORADO, CO","4.701","-74.15","2548.0","2021-06-16",,"57",,
"CO000080222","BOGOTA ELDORADO, CO","4.701","-74.15","2548.0","2021-06-17",,"58",,
"CO000080222","BOGOTA ELDORADO, CO","4.701","-74.15","2548.0","2021-06-18",,"58",,
"CO000080222","BOGOTA ELDORADO, CO","4.701","-74.15","2548.0","2021-06-19",,"59",,
"CO000080222","BOGOTA ELDORADO, CO","4.701","-74.15","2548.0","2021-06-20",,"56",,
"CO000080222","BOGOTA ELDORADO, CO","4.701","-74.15","2548.0","2021-06-21",,"57",,
"CO000080222","BOGOTA ELDORADO, CO","4.701","-74.15","2548.0","2021-06-22",,"57",,
